-- phpMyAdmin SQL Dump
-- version 5.0.2
-- https://www.phpmyadmin.net/
--
-- Servidor: 127.0.0.1
-- Tiempo de generación: 27-02-2021 a las 17:58:53
-- Versión del servidor: 10.4.13-MariaDB
-- Versión de PHP: 7.4.7

SET SQL_MODE = "NO_AUTO_VALUE_ON_ZERO";
START TRANSACTION;
SET time_zone = "+00:00";


/*!40101 SET @OLD_CHARACTER_SET_CLIENT=@@CHARACTER_SET_CLIENT */;
/*!40101 SET @OLD_CHARACTER_SET_RESULTS=@@CHARACTER_SET_RESULTS */;
/*!40101 SET @OLD_COLLATION_CONNECTION=@@COLLATION_CONNECTION */;
/*!40101 SET NAMES utf8mb4 */;

--
-- Base de datos: `hanan_next`
--

-- --------------------------------------------------------

--
-- Estructura de tabla para la tabla `modules`
--

CREATE TABLE `modules` (
  `id_modulo` int(11) NOT NULL,
  `modulo` varchar(50) COLLATE utf8_unicode_ci NOT NULL,
  `icono` varchar(30) COLLATE utf8_unicode_ci NOT NULL,
  `active` tinyint(4) DEFAULT 0
) ENGINE=InnoDB DEFAULT CHARSET=utf8 COLLATE=utf8_unicode_ci;

--
-- Volcado de datos para la tabla `modules`
--

INSERT INTO `modules` (`id_modulo`, `modulo`, `icono`, `active`) VALUES
(1, 'Gestión', 'fa fa-gears color-white', 1),
(2, 'Socios de Negocios', 'fa fa-handshake-o color-white', 1),
(3, 'Ventas', 'fa fa-money color-white', 1),
(4, 'Vehículos', 'fa fa-truck color-white', 1),
(5, 'Reportes', 'fa fa-file-text color-white', 1),
(6, 'Dashboard', 'fa fa-file-text color-white', 1);

-- --------------------------------------------------------

--
-- Estructura de tabla para la tabla `sub_modules`
--

CREATE TABLE `sub_modules` (
  `id_submodule` int(11) NOT NULL,
  `id_module` int(11) NOT NULL,
  `url` varchar(50) COLLATE utf8_unicode_ci NOT NULL,
  `icono` varchar(50) COLLATE utf8_unicode_ci NOT NULL,
  `sub_module` varchar(50) COLLATE utf8_unicode_ci NOT NULL
) ENGINE=InnoDB DEFAULT CHARSET=utf8 COLLATE=utf8_unicode_ci;

--
-- Volcado de datos para la tabla `sub_modules`
--

INSERT INTO `sub_modules` (`id_submodule`, `id_module`, `url`, `icono`, `sub_module`) VALUES
(1, 1, '/usuarios', 'fa fa-user-circle', 'Usuarios'),
(2, 1, '/vendedores', 'fa fa-drivers-license', 'Vendedores'),
(3, 1, '/departamentos', 'fa fa-sitemap', 'Grupos y Departamentos'),
(4, 1, '/emails', 'fa fa-paper-plane', 'Listas de Distribución'),
(5, 2, '/socios', 'fa fa-database', 'Dato Maestro'),
(6, 3, '/formatos', 'fa fa-exchange', 'Formatos de Cambios'),
(7, 3, '/muestras', 'fa fa-file-text', 'Formatos de Muestras'),
(8, 4, '/vehiculos', 'fa fa-truck', 'Inventario'),
(9, 4, '/mantenimiento', 'fa fa-briefcase', 'Mantenimiento'),
(10, 4, '/gasolina', 'fa fa-tachometer', 'Gasolina'),
(11, 5, '/advancedsearch', 'fa fa-exchange', 'Reporte de cambios'),
(12, 5, '/samplesAdvancedSearch', 'fa fa-exchange', 'Reporte de muestras'),
(13, 5, '/checkin_visits', 'fa fa-home', 'Reporte de visitas'),
(14, 5, '/pedidos', 'fa fa-truck', 'Pedidos'),
(15, 5, '/reporteInventarios', 'fa fa-shopping-bag', 'Inventarios mercadeo'),
(16, 1, '/permisos_usuarios', 'fa fa-shield', 'Permisos'),
(17, 6, '/dashboard', 'fa fa-shield', 'Dashboard'),
(18, 3, '/muestraspendientes', 'fa fa-shield', 'Muestras Pendientes'),
(19, 3, '/pendientes', 'fa fa-user-circle', 'Formatos de cambio Pendientes');

-- --------------------------------------------------------

--
-- Estructura de tabla para la tabla `user_permisions`
--

CREATE TABLE `user_permisions` (
  `id` int(11) NOT NULL,
  `id_submodule` int(11) DEFAULT NULL,
  `id_user` int(11) DEFAULT NULL,
  `lectura` int(11) DEFAULT 0,
  `escritura` int(11) DEFAULT 0,
  `updated_at` timestamp NULL DEFAULT NULL,
  `created_at` timestamp NULL DEFAULT NULL
) ENGINE=InnoDB DEFAULT CHARSET=utf8 COLLATE=utf8_unicode_ci;

--
-- Volcado de datos para la tabla `user_permisions`
--

INSERT INTO `user_permisions` (`id`, `id_submodule`, `id_user`, `lectura`, `escritura`, `updated_at`, `created_at`) VALUES
(339, 1, 104, 0, 0, '2021-02-26 21:34:35', '2021-02-26 21:34:35'),
(340, 2, 104, 0, 0, '2021-02-26 21:34:35', '2021-02-26 21:34:35'),
(341, 3, 104, 0, 0, '2021-02-26 21:34:35', '2021-02-26 21:34:35'),
(342, 4, 104, 0, 0, '2021-02-26 21:34:35', '2021-02-26 21:34:35'),
(343, 5, 104, 0, 0, '2021-02-26 21:34:35', '2021-02-26 21:34:35'),
(344, 6, 104, 0, 0, '2021-02-26 21:34:35', '2021-02-26 21:34:35'),
(345, 7, 104, 0, 0, '2021-02-26 21:34:35', '2021-02-26 21:34:35'),
(346, 8, 104, 0, 0, '2021-02-26 21:34:35', '2021-02-26 21:34:35'),
(347, 9, 104, 0, 0, '2021-02-26 21:34:35', '2021-02-26 21:34:35'),
(348, 10, 104, 0, 0, '2021-02-26 21:34:35', '2021-02-26 21:34:35'),
(349, 11, 104, 0, 0, '2021-02-26 21:34:35', '2021-02-26 21:34:35'),
(350, 12, 104, 0, 0, '2021-02-26 21:34:35', '2021-02-26 21:34:35'),
(351, 13, 104, 1, 0, '2021-02-26 21:34:35', '2021-02-26 21:34:35'),
(352, 14, 104, 0, 0, '2021-02-26 21:34:35', '2021-02-26 21:34:35'),
(353, 15, 104, 1, 0, '2021-02-26 21:34:35', '2021-02-26 21:34:35'),
(354, 16, 104, 0, 0, '2021-02-26 21:34:35', '2021-02-26 21:34:35'),
(355, 17, 104, 1, 0, '2021-02-26 21:34:35', '2021-02-26 21:34:35'),
(356, 1, 105, 0, 0, '2021-02-26 22:01:10', '2021-02-26 22:01:10'),
(357, 2, 105, 0, 0, '2021-02-26 22:01:10', '2021-02-26 22:01:10'),
(358, 3, 105, 0, 0, '2021-02-26 22:01:10', '2021-02-26 22:01:10'),
(359, 4, 105, 0, 0, '2021-02-26 22:01:10', '2021-02-26 22:01:10'),
(360, 5, 105, 0, 0, '2021-02-26 22:01:10', '2021-02-26 22:01:10'),
(361, 6, 105, 0, 0, '2021-02-26 22:01:10', '2021-02-26 22:01:10'),
(362, 7, 105, 0, 0, '2021-02-26 22:01:10', '2021-02-26 22:01:10'),
(363, 8, 105, 0, 0, '2021-02-26 22:01:10', '2021-02-26 22:01:10'),
(364, 9, 105, 0, 0, '2021-02-26 22:01:10', '2021-02-26 22:01:10'),
(365, 10, 105, 0, 0, '2021-02-26 22:01:10', '2021-02-26 22:01:10'),
(366, 11, 105, 0, 0, '2021-02-26 22:01:10', '2021-02-26 22:01:10'),
(367, 12, 105, 0, 0, '2021-02-26 22:01:10', '2021-02-26 22:01:10'),
(368, 13, 105, 0, 0, '2021-02-26 22:01:10', '2021-02-26 22:01:10'),
(369, 14, 105, 1, 1, '2021-02-26 22:01:10', '2021-02-26 22:01:10'),
(370, 15, 105, 0, 0, '2021-02-26 22:01:10', '2021-02-26 22:01:10'),
(371, 16, 105, 0, 0, '2021-02-26 22:01:10', '2021-02-26 22:01:10'),
(372, 17, 105, 1, 1, '2021-02-26 22:01:10', '2021-02-26 22:01:10'),
(502, 1, 101, 1, 1, '2021-02-26 22:43:05', '2021-02-26 22:43:05'),
(503, 2, 101, 1, 1, '2021-02-26 22:43:05', '2021-02-26 22:43:05'),
(504, 3, 101, 1, 1, '2021-02-26 22:43:05', '2021-02-26 22:43:05'),
(505, 4, 101, 1, 1, '2021-02-26 22:43:05', '2021-02-26 22:43:05'),
(506, 5, 101, 1, 1, '2021-02-26 22:43:05', '2021-02-26 22:43:05'),
(507, 6, 101, 1, 1, '2021-02-26 22:43:05', '2021-02-26 22:43:05'),
(508, 7, 101, 1, 1, '2021-02-26 22:43:05', '2021-02-26 22:43:05'),
(509, 8, 101, 1, 1, '2021-02-26 22:43:05', '2021-02-26 22:43:05'),
(510, 9, 101, 1, 1, '2021-02-26 22:43:05', '2021-02-26 22:43:05'),
(511, 10, 101, 1, 1, '2021-02-26 22:43:05', '2021-02-26 22:43:05'),
(512, 11, 101, 1, 1, '2021-02-26 22:43:05', '2021-02-26 22:43:05'),
(513, 12, 101, 1, 1, '2021-02-26 22:43:05', '2021-02-26 22:43:05'),
(514, 13, 101, 1, 1, '2021-02-26 22:43:05', '2021-02-26 22:43:05'),
(515, 14, 101, 1, 1, '2021-02-26 22:43:05', '2021-02-26 22:43:05'),
(516, 15, 101, 1, 1, '2021-02-26 22:43:05', '2021-02-26 22:43:05'),
(517, 16, 101, 1, 1, '2021-02-26 22:43:05', '2021-02-26 22:43:05'),
(518, 17, 101, 1, 1, '2021-02-26 22:43:05', '2021-02-26 22:43:05'),
(519, 18, 101, 1, 1, '2021-02-26 22:43:05', '2021-02-26 22:43:05'),
(520, 19, 101, 1, 1, '2021-02-26 22:43:05', '2021-02-26 22:43:05'),
(521, 1, 103, 0, 0, '2021-02-26 22:50:02', '2021-02-26 22:50:02'),
(522, 2, 103, 0, 0, '2021-02-26 22:50:02', '2021-02-26 22:50:02'),
(523, 3, 103, 0, 0, '2021-02-26 22:50:02', '2021-02-26 22:50:02'),
(524, 4, 103, 0, 0, '2021-02-26 22:50:02', '2021-02-26 22:50:02'),
(525, 5, 103, 0, 0, '2021-02-26 22:50:02', '2021-02-26 22:50:02'),
(526, 6, 103, 0, 0, '2021-02-26 22:50:02', '2021-02-26 22:50:02'),
(527, 7, 103, 0, 0, '2021-02-26 22:50:02', '2021-02-26 22:50:02'),
(528, 8, 103, 0, 0, '2021-02-26 22:50:02', '2021-02-26 22:50:02'),
(529, 9, 103, 0, 0, '2021-02-26 22:50:02', '2021-02-26 22:50:02'),
(530, 10, 103, 0, 0, '2021-02-26 22:50:02', '2021-02-26 22:50:02'),
(531, 11, 103, 0, 0, '2021-02-26 22:50:02', '2021-02-26 22:50:02'),
(532, 12, 103, 0, 0, '2021-02-26 22:50:02', '2021-02-26 22:50:02'),
(533, 13, 103, 0, 0, '2021-02-26 22:50:02', '2021-02-26 22:50:02'),
(534, 14, 103, 0, 0, '2021-02-26 22:50:02', '2021-02-26 22:50:02'),
(535, 15, 103, 0, 0, '2021-02-26 22:50:02', '2021-02-26 22:50:02'),
(536, 16, 103, 0, 0, '2021-02-26 22:50:03', '2021-02-26 22:50:03'),
(537, 17, 103, 0, 0, '2021-02-26 22:50:03', '2021-02-26 22:50:03'),
(538, 18, 103, 0, 0, '2021-02-26 22:50:03', '2021-02-26 22:50:03'),
(539, 19, 103, 0, 0, '2021-02-26 22:50:03', '2021-02-26 22:50:03'),
(540, 1, 102, 1, 1, '2021-02-27 15:32:11', '2021-02-27 15:32:11'),
(541, 2, 102, 1, 1, '2021-02-27 15:32:11', '2021-02-27 15:32:11'),
(542, 3, 102, 1, 1, '2021-02-27 15:32:11', '2021-02-27 15:32:11'),
(543, 4, 102, 1, 1, '2021-02-27 15:32:11', '2021-02-27 15:32:11'),
(544, 5, 102, 1, 1, '2021-02-27 15:32:11', '2021-02-27 15:32:11'),
(545, 6, 102, 1, 1, '2021-02-27 15:32:11', '2021-02-27 15:32:11'),
(546, 7, 102, 1, 1, '2021-02-27 15:32:11', '2021-02-27 15:32:11'),
(547, 8, 102, 1, 1, '2021-02-27 15:32:11', '2021-02-27 15:32:11'),
(548, 9, 102, 1, 1, '2021-02-27 15:32:11', '2021-02-27 15:32:11'),
(549, 10, 102, 1, 1, '2021-02-27 15:32:11', '2021-02-27 15:32:11'),
(550, 11, 102, 1, 1, '2021-02-27 15:32:11', '2021-02-27 15:32:11'),
(551, 12, 102, 1, 1, '2021-02-27 15:32:11', '2021-02-27 15:32:11'),
(552, 13, 102, 1, 1, '2021-02-27 15:32:11', '2021-02-27 15:32:11'),
(553, 14, 102, 1, 1, '2021-02-27 15:32:11', '2021-02-27 15:32:11'),
(554, 15, 102, 1, 1, '2021-02-27 15:32:11', '2021-02-27 15:32:11'),
(555, 16, 102, 1, 1, '2021-02-27 15:32:11', '2021-02-27 15:32:11'),
(556, 17, 102, 1, 1, '2021-02-27 15:32:11', '2021-02-27 15:32:11'),
(557, 18, 102, 1, 1, '2021-02-27 15:32:11', '2021-02-27 15:32:11'),
(558, 19, 102, 1, 1, '2021-02-27 15:32:11', '2021-02-27 15:32:11'),
(559, 1, 95, 1, 1, '2021-02-27 15:41:58', '2021-02-27 15:41:58'),
(560, 2, 95, 1, 1, '2021-02-27 15:41:58', '2021-02-27 15:41:58'),
(561, 3, 95, 1, 1, '2021-02-27 15:41:58', '2021-02-27 15:41:58'),
(562, 4, 95, 1, 1, '2021-02-27 15:41:58', '2021-02-27 15:41:58'),
(563, 5, 95, 1, 1, '2021-02-27 15:41:58', '2021-02-27 15:41:58'),
(564, 6, 95, 1, 1, '2021-02-27 15:41:58', '2021-02-27 15:41:58'),
(565, 7, 95, 1, 1, '2021-02-27 15:41:58', '2021-02-27 15:41:58'),
(566, 8, 95, 1, 1, '2021-02-27 15:41:58', '2021-02-27 15:41:58'),
(567, 9, 95, 1, 1, '2021-02-27 15:41:58', '2021-02-27 15:41:58'),
(568, 10, 95, 1, 1, '2021-02-27 15:41:58', '2021-02-27 15:41:58'),
(569, 11, 95, 1, 1, '2021-02-27 15:41:58', '2021-02-27 15:41:58'),
(570, 12, 95, 1, 1, '2021-02-27 15:41:58', '2021-02-27 15:41:58'),
(571, 13, 95, 1, 1, '2021-02-27 15:41:58', '2021-02-27 15:41:58'),
(572, 14, 95, 1, 1, '2021-02-27 15:41:58', '2021-02-27 15:41:58'),
(573, 15, 95, 1, 1, '2021-02-27 15:41:58', '2021-02-27 15:41:58'),
(574, 16, 95, 1, 1, '2021-02-27 15:41:58', '2021-02-27 15:41:58'),
(575, 17, 95, 1, 1, '2021-02-27 15:41:58', '2021-02-27 15:41:58'),
(576, 18, 95, 1, 1, '2021-02-27 15:41:58', '2021-02-27 15:41:58'),
(577, 19, 95, 1, 1, '2021-02-27 15:41:58', '2021-02-27 15:41:58');

--
-- Índices para tablas volcadas
--

--
-- Indices de la tabla `modules`
--
ALTER TABLE `modules`
  ADD PRIMARY KEY (`id_modulo`);

--
-- Indices de la tabla `sub_modules`
--
ALTER TABLE `sub_modules`
  ADD PRIMARY KEY (`id_submodule`);

--
-- Indices de la tabla `user_permisions`
--
ALTER TABLE `user_permisions`
  ADD PRIMARY KEY (`id`);

--
-- AUTO_INCREMENT de las tablas volcadas
--

--
-- AUTO_INCREMENT de la tabla `modules`
--
ALTER TABLE `modules`
  MODIFY `id_modulo` int(11) NOT NULL AUTO_INCREMENT, AUTO_INCREMENT=7;

--
-- AUTO_INCREMENT de la tabla `sub_modules`
--
ALTER TABLE `sub_modules`
  MODIFY `id_submodule` int(11) NOT NULL AUTO_INCREMENT, AUTO_INCREMENT=22;

--
-- AUTO_INCREMENT de la tabla `user_permisions`
--
ALTER TABLE `user_permisions`
  MODIFY `id` int(11) NOT NULL AUTO_INCREMENT, AUTO_INCREMENT=578;
COMMIT;

/*!40101 SET CHARACTER_SET_CLIENT=@OLD_CHARACTER_SET_CLIENT */;
/*!40101 SET CHARACTER_SET_RESULTS=@OLD_CHARACTER_SET_RESULTS */;
/*!40101 SET COLLATION_CONNECTION=@OLD_COLLATION_CONNECTION */;
